student_id,topic,quiz_score,time_taken,attempt_count,past_test_score,time_efficiency,attempt_efficiency,avg_quiz_score_per_topic,topic_mastery,overall_performance_score,final_exam_score,risk_level
S001,Statistics,84.82,64.89,1,80.81,1.307,84.82,66.51,86.65,83.98,86.83,High Performer
S001,Statistics,64.0,53.8,1,80.81,1.1896,64.0,66.51,76.24,71.49,78.17,Stable
S001,Geometry,71.72,73.06,2,80.81,0.9817,35.86,67.06,79.74,72.46,73.69,Stable
S001,Trigonometry,69.12,122.56,2,80.81,0.564,34.56,63.16,70.08,69.36,76.63,Stable
S001,Trigonometry,65.2,88.19,4,80.81,0.7394,16.3,63.16,71.63,66.28,71.23,Stable
S001,Trigonometry,62.62,88.11,5,80.81,0.7107,12.52,63.16,69.77,64.5,69.78,Stable
S001,Statistics,69.13,78.18,2,80.81,0.8843,34.57,66.51,76.49,70.65,70.53,Stable
S002,Calculus,48.52,107.36,2,83.61,0.4519,24.26,55.52,58.38,58.59,65.27,Stable
S002,Algebra,85.45,78.99,1,83.61,1.0818,85.45,72.97,87.81,85.37,88.88,High Performer
S002,Statistics,63.78,94.49,3,83.61,0.6749,21.26,66.51,70.47,66.82,76.27,Stable
S002,Statistics,66.45,100.18,4,83.61,0.6633,16.61,66.51,71.57,67.64,70.89,Stable
S002,Geometry,77.94,85.44,2,83.61,0.9122,38.97,67.06,82.3,76.62,79.85,Stable
S002,Statistics,79.24,115.11,2,83.61,0.6884,39.62,66.51,78.47,76.44,78.97,Stable
S002,Geometry,70.91,81.12,3,83.61,0.8741,23.64,67.06,78.02,71.42,71.37,Stable
S002,Algebra,65.61,66.38,1,83.61,0.9885,65.61,72.97,77.66,73.42,79.39,Stable
S003,Geometry,52.27,92.4,2,68.22,0.5657,26.14,67.06,57.92,55.57,64.73,Stable
S003,Statistics,62.3,103.18,2,68.22,0.6038,31.15,66.51,63.69,61.24,63.42,Stable
S003,Algebra,54.87,96.01,3,68.22,0.5716,18.29,72.97,59.33,56.11,58.98,At Risk
S003,Statistics,60.29,97.37,3,68.22,0.6192,20.1,66.51,63.0,59.19,63.9,Stable
S003,Calculus,51.78,123.71,3,68.22,0.4186,17.26,55.52,54.73,53.85,60.72,Stable
S003,Calculus,59.26,106.22,3,68.22,0.5579,19.75,55.52,61.26,58.4,64.52,Stable
S004,Calculus,68.59,89.65,2,94.56,0.7651,34.29,55.52,77.96,74.82,81.16,High Performer
S004,Geometry,89.37,61.98,1,94.56,1.4421,89.37,67.06,93.05,91.66,89.21,High Performer
S004,Calculus,71.77,101.77,5,94.56,0.7052,14.35,55.52,78.36,74.18,76.7,Stable
S004,Trigonometry,72.18,78.8,2,94.56,0.916,36.09,63.16,82.78,77.4,85.23,High Performer
S004,Trigonometry,85.32,62.29,2,94.56,1.3696,42.66,63.16,91.03,84.97,91.91,High Performer
S005,Geometry,66.56,82.48,4,72.63,0.8069,16.64,67.06,71.21,64.32,67.18,Stable
S005,Algebra,66.82,98.41,5,72.63,0.6789,13.36,72.97,68.78,63.61,67.78,Stable
S005,Calculus,60.77,122.7,5,72.63,0.4953,12.15,55.52,62.08,59.73,64.55,Stable
S005,Calculus,37.64,89.35,5,72.63,0.4212,7.53,55.52,49.03,47.4,51.42,At Risk
S005,Algebra,58.89,113.27,4,72.63,0.52,14.72,72.97,61.63,59.14,63.02,Stable
S005,Geometry,51.44,120.94,3,72.63,0.4253,17.15,67.06,56.01,55.28,62.84,Stable
S005,Algebra,67.56,96.88,3,72.63,0.6974,22.52,72.97,69.52,64.97,70.78,Stable
S005,Calculus,44.19,123.06,3,72.63,0.3591,14.73,55.52,51.07,51.15,59.94,At Risk
S006,Algebra,95.09,36.97,2,93.19,2.5721,47.55,72.97,95.5,89.85,89.43,High Performer
S006,Algebra,85.51,65.17,1,93.19,1.3121,85.51,72.97,90.71,88.85,90.71,High Performer
S006,Calculus,69.88,90.66,5,93.19,0.7708,13.98,55.52,78.31,72.97,74.89,Stable
S006,Calculus,84.06,66.51,1,93.19,1.264,84.06,55.52,89.99,87.99,93.89,High Performer
S006,Statistics,91.38,65.63,1,93.19,1.3923,91.38,66.51,93.65,92.38,100.0,High Performer
S006,Statistics,98.27,56.69,1,93.19,1.7335,98.27,66.51,97.09,96.51,97.02,High Performer
S006,Trigonometry,76.77,68.68,2,93.19,1.1177,38.38,63.16,86.34,79.77,85.52,High Performer
S006,Calculus,66.61,91.14,2,93.19,0.7309,33.31,55.52,75.88,73.11,79.89,Stable
S007,Statistics,64.06,116.24,2,78.95,0.5511,32.03,66.51,66.74,65.86,70.05,Stable
S007,Algebra,52.38,79.62,3,78.95,0.6579,17.46,72.97,63.03,58.99,68.56,Stable
S007,Statistics,57.94,90.12,5,78.95,0.6429,11.59,66.51,65.51,61.12,67.11,Stable
S007,Calculus,42.14,126.11,4,78.95,0.3342,10.54,55.52,51.44,51.88,60.94,Stable
S007,Calculus,58.61,105.77,2,78.95,0.5541,29.3,55.52,64.07,62.87,70.37,Stable
S007,Calculus,46.02,115.87,5,78.95,0.3971,9.2,55.52,54.64,53.94,58.42,At Risk
S007,Statistics,70.44,83.09,4,78.95,0.8477,17.61,66.51,75.86,68.79,67.91,Stable
S007,Calculus,52.51,155.07,4,78.95,0.3386,13.13,55.52,56.71,57.34,64.4,Stable
S008,Algebra,76.58,80.57,2,82.82,0.9504,38.29,72.97,82.14,75.73,82.34,High Performer
S008,Calculus,69.49,89.92,3,82.82,0.7728,23.16,55.52,75.05,69.97,73.44,Stable
S008,Trigonometry,66.58,70.98,4,82.82,0.9379,16.64,63.16,76.89,68.52,77.5,Stable
S008,Calculus,62.47,75.93,3,82.82,0.8227,20.82,55.52,72.53,66.42,70.38,Stable
S008,Calculus,63.43,113.84,4,82.82,0.5572,15.86,55.52,67.7,65.34,71.28,Stable
S008,Geometry,72.6,84.08,1,82.82,0.8635,72.6,67.06,78.42,76.83,81.37,High Performer
S009,Statistics,61.95,47.54,1,73.82,1.3031,61.95,66.51,73.12,67.74,71.36,Stable
S009,Calculus,61.13,97.26,3,73.82,0.6286,20.38,55.52,65.29,61.69,74.16,Stable
S009,Algebra,98.21,56.97,2,73.82,1.7237,49.1,72.97,91.25,84.59,88.56,High Performer
S009,Statistics,83.76,70.07,3,73.82,1.1953,27.92,66.51,84.03,75.25,80.19,High Performer
S009,Algebra,70.34,89.15,1,73.82,0.789,70.34,72.97,73.09,71.93,74.24,Stable
S009,Trigonometry,61.25,111.11,5,73.82,0.5512,12.25,63.16,63.79,60.63,66.62,Stable
S009,Algebra,80.09,45.83,2,73.82,1.7474,40.05,72.97,82.19,74.62,82.41,High Performer
S010,Trigonometry,37.95,124.14,5,56.34,0.3057,7.59,63.16,41.99,41.24,49.5,At Risk
S010,Geometry,59.45,101.04,3,56.34,0.5884,19.82,67.06,58.39,54.34,56.0,At Risk
S010,Geometry,43.7,129.15,5,56.34,0.3384,8.74,67.06,45.52,44.36,49.17,At Risk
S010,Trigonometry,47.79,119.08,4,56.34,0.4014,11.95,63.16,48.83,46.98,54.02,At Risk
S010,Trigonometry,38.4,138.34,5,56.34,0.2776,7.68,63.16,41.65,41.36,45.22,At Risk
S010,Statistics,42.79,108.05,4,56.34,0.396,10.7,66.51,46.22,44.33,49.29,At Risk
S010,Statistics,40.85,110.32,3,56.34,0.3703,13.62,66.51,44.73,43.55,46.76,At Risk
S011,Algebra,64.97,105.92,5,73.07,0.6134,12.99,72.97,66.67,62.54,62.37,Stable
S011,Statistics,58.19,119.08,3,73.07,0.4886,19.4,66.51,60.79,59.29,64.62,Stable
S011,Calculus,56.32,122.2,2,73.07,0.4609,28.16,55.52,59.3,59.12,69.69,Stable
S011,Statistics,76.33,95.42,4,73.07,0.7999,19.08,66.51,76.08,69.58,75.1,Stable
S011,Calculus,60.22,92.42,3,73.07,0.6516,20.07,55.52,65.06,61.03,65.51,Stable
S012,Algebra,73.56,102.53,3,65.72,0.7175,24.52,72.97,70.85,65.76,76.32,Stable
S012,Algebra,60.63,110.63,3,65.72,0.5481,20.21,72.97,60.99,58.19,67.04,Stable
S012,Geometry,57.05,72.82,5,65.72,0.7834,11.41,67.06,63.91,56.46,55.29,At Risk
S012,Calculus,35.44,112.22,4,65.72,0.3158,8.86,55.52,43.75,43.53,54.74,At Risk
S012,Geometry,53.57,110.41,3,65.72,0.4852,17.86,67.06,56.2,54.17,60.76,Stable
S012,Geometry,59.27,85.11,2,65.72,0.6964,29.64,67.06,63.28,59.04,64.98,Stable
S012,Geometry,58.53,85.56,5,65.72,0.6841,11.71,67.06,62.66,56.83,58.63,At Risk
S012,Trigonometry,64.43,85.38,2,65.72,0.7545,32.21,63.16,67.02,62.11,66.4,Stable
S013,Statistics,52.9,121.7,2,69.06,0.4346,26.45,66.51,55.86,55.7,62.81,Stable
S013,Algebra,80.05,88.48,2,69.06,0.9047,40.02,72.97,78.84,72.51,75.16,Stable
S013,Statistics,56.74,94.67,4,69.06,0.5994,14.19,66.51,61.08,57.05,56.12,At Risk
S013,Algebra,54.01,96.24,5,69.06,0.5612,10.8,72.97,58.95,55.19,57.65,At Risk
S013,Calculus,72.42,92.89,4,69.06,0.7796,18.1,55.52,72.52,66.0,68.15,Stable
S014,Calculus,45.44,119.7,3,66.19,0.3796,15.15,55.52,50.17,49.58,50.54,At Risk
S014,Geometry,74.26,114.51,4,66.19,0.6485,18.57,67.06,69.96,65.41,72.03,Stable
S014,Algebra,86.92,57.0,3,66.19,1.5249,28.97,72.97,83.32,74.19,75.02,Stable
S014,Algebra,64.22,70.01,5,66.19,0.9173,12.84,72.97,70.31,60.89,65.33,Stable
S014,Geometry,48.01,104.71,2,66.19,0.4585,24.01,67.06,53.03,52.07,59.76,At Risk
S015,Trigonometry,64.79,104.63,4,79.58,0.6192,16.2,63.16,68.65,65.14,68.62,Stable
S015,Algebra,84.6,68.55,3,79.58,1.2341,28.2,72.97,86.18,77.77,79.99,Stable
S015,Geometry,64.42,68.54,2,79.58,0.9399,32.21,67.06,74.89,67.84,67.44,Stable
S015,Trigonometry,58.39,96.54,2,79.58,0.6048,29.2,63.16,65.17,63.18,70.77,Stable
S015,Geometry,78.39,64.7,3,79.58,1.2115,26.13,67.06,83.07,74.46,80.15,High Performer
S015,Trigonometry,70.21,91.72,5,79.58,0.7655,14.04,63.16,74.29,68.22,69.36,Stable
S016,Calculus,56.24,93.48,4,84.67,0.6016,14.06,55.52,65.55,62.41,70.79,Stable
S016,Trigonometry,78.39,96.55,4,84.67,0.8119,19.6,63.16,80.83,74.88,81.0,High Performer
S016,Statistics,70.67,73.7,3,84.67,0.9589,23.56,66.51,79.91,72.01,80.88,High Performer
S016,Statistics,69.77,88.2,2,84.67,0.7911,34.89,66.51,76.11,72.02,73.37,Stable
S016,Statistics,73.89,61.37,3,84.67,1.2039,24.63,66.51,82.34,73.89,81.08,High Performer
S017,Calculus,81.12,72.41,3,91.31,1.1203,27.04,55.52,87.96,80.14,88.09,High Performer
S017,Statistics,76.41,62.35,1,91.31,1.2255,76.41,66.51,85.6,82.72,86.5,High Performer
S017,Algebra,100.0,63.33,1,91.31,1.5791,100.0,72.97,97.39,96.87,99.59,High Performer
S017,Algebra,79.76,37.17,1,91.31,2.1459,79.76,72.97,87.27,84.73,91.44,High Performer
S017,Statistics,100.0,62.19,2,91.31,1.608,50.0,66.51,97.39,91.87,95.71,High Performer
S017,Statistics,88.52,70.88,2,91.31,1.2489,44.26,66.51,91.65,85.56,90.79,High Performer
S017,Trigonometry,74.31,54.35,2,91.31,1.3671,37.15,63.16,84.55,77.74,89.02,High Performer
S018,Geometry,61.82,105.63,5,68.61,0.5852,12.36,67.06,63.2,59.19,62.94,Stable
S018,Calculus,36.46,112.66,3,68.61,0.3236,12.15,55.52,45.28,45.44,55.27,At Risk
S018,Algebra,74.35,86.79,2,68.61,0.8567,37.17,72.97,74.89,69.02,69.47,Stable
S018,Algebra,58.05,97.32,3,68.61,0.5965,19.35,72.97,61.54,58.05,63.99,Stable
S018,Trigonometry,70.77,90.72,2,68.61,0.7801,35.38,63.16,71.57,66.74,68.73,Stable
S019,Statistics,69.45,100.98,3,78.2,0.6878,23.15,66.51,71.94,67.94,77.44,Stable
S019,Trigonometry,76.12,73.88,3,78.2,1.0303,25.37,63.16,81.52,72.75,86.43,High Performer
S019,Trigonometry,63.71,89.5,4,78.2,0.7118,15.93,63.16,69.55,64.45,69.62,Stable
S019,Trigonometry,64.83,107.38,5,78.2,0.6037,12.97,63.16,67.95,64.28,69.87,Stable
S019,Statistics,60.78,70.03,2,78.2,0.8679,30.39,66.51,71.21,65.05,69.49,Stable
S020,Trigonometry,56.87,103.88,3,68.36,0.5475,18.96,63.16,59.89,57.13,60.48,Stable
S020,Trigonometry,45.0,122.38,2,68.36,0.3677,22.5,63.16,50.36,50.83,59.88,At Risk
S020,Algebra,66.17,100.87,4,68.36,0.656,16.54,72.97,66.71,61.97,68.19,Stable
S020,Calculus,41.41,119.6,5,68.36,0.3463,8.28,55.52,48.14,47.53,53.42,At Risk
S020,Geometry,56.21,108.52,3,68.36,0.518,18.74,67.06,58.97,56.66,62.17,Stable
S021,Algebra,67.19,70.11,1,73.89,0.9585,67.19,72.97,74.93,70.75,79.54,Stable
S021,Geometry,77.0,90.66,2,73.89,0.8493,38.5,67.06,77.65,72.35,78.93,Stable
S021,Trigonometry,73.7,90.05,3,73.89,0.8185,24.57,63.16,75.39,69.18,72.61,Stable
S021,Algebra,75.85,71.6,1,73.89,1.0593,75.85,72.97,80.09,76.11,76.28,Stable
S021,Algebra,77.32,77.86,2,73.89,0.9931,38.66,72.97,80.69,73.1,84.79,High Performer
S021,Geometry,77.04,78.45,2,73.89,0.982,38.52,67.06,80.33,72.9,82.09,High Performer
S021,Statistics,68.7,94.37,2,73.89,0.728,34.35,66.51,71.08,67.3,72.63,Stable
S022,Statistics,75.36,73.34,1,82.53,1.0276,75.36,66.51,82.44,78.93,88.29,High Performer
S022,Algebra,64.36,84.43,2,82.53,0.7623,32.18,72.97,72.18,68.16,79.26,Stable
S022,Geometry,76.59,72.41,1,82.53,1.0578,76.59,67.06,83.06,79.67,87.82,High Performer
S022,Calculus,70.9,103.02,5,82.53,0.6882,14.18,55.52,73.97,69.33,78.44,Stable
S022,Calculus,66.12,96.49,4,82.53,0.6853,16.53,55.52,71.53,67.17,73.43,Stable
S022,Trigonometry,66.38,62.87,1,82.53,1.0558,66.38,63.16,77.95,73.54,76.29,Stable
S022,Trigonometry,68.7,90.22,4,82.53,0.7615,17.18,63.16,74.34,68.82,71.63,Stable
S023,Algebra,90.31,61.66,1,75.03,1.4647,90.31,72.97,87.67,85.2,85.94,High Performer
S023,Trigonometry,85.01,79.15,3,75.03,1.0741,28.34,63.16,85.02,76.35,76.56,Stable
S023,Calculus,64.8,109.04,4,75.03,0.5942,16.2,55.52,66.79,63.41,69.34,Stable
S023,Calculus,73.87,122.41,5,75.03,0.6035,14.77,55.52,71.51,67.84,71.45,Stable
S023,Statistics,61.48,71.27,1,75.03,0.8627,61.48,66.51,70.5,67.35,73.81,Stable
S023,Geometry,70.68,63.2,1,75.03,1.1184,70.68,67.06,77.85,73.42,73.9,Stable
S023,Trigonometry,59.82,76.9,5,75.03,0.7779,11.96,63.16,67.98,61.23,68.43,Stable
S024,Trigonometry,88.71,54.57,1,84.45,1.6255,88.71,63.16,89.69,87.63,88.72,High Performer
S024,Statistics,70.49,71.64,1,84.45,0.984,70.49,66.51,80.26,76.63,83.36,High Performer
S024,Geometry,70.5,82.94,1,84.45,0.85,70.5,67.06,77.59,76.1,82.54,High Performer
S024,Algebra,85.41,68.64,2,84.45,1.2444,42.71,72.97,88.04,81.38,81.38,High Performer
S024,Calculus,61.34,97.41,2,84.45,0.6296,30.67,55.52,68.6,66.66,75.13,Stable
S024,Calculus,67.94,102.01,2,84.45,0.666,33.97,55.52,72.62,70.43,82.66,High Performer
S025,Trigonometry,38.98,135.57,3,56.69,0.2875,12.99,63.16,42.25,42.35,50.8,At Risk
S025,Statistics,65.96,112.26,4,56.69,0.5876,16.49,66.51,61.74,57.39,61.41,Stable
S025,Geometry,61.14,104.22,5,56.69,0.5866,12.23,67.06,59.31,54.55,61.34,Stable
S025,Geometry,66.28,115.03,3,56.69,0.5763,22.09,67.06,61.67,58.06,65.55,Stable
S025,Statistics,44.66,104.14,5,56.69,0.4289,8.93,66.51,47.91,45.35,52.38,At Risk
S025,Calculus,51.87,126.19,4,56.69,0.411,12.97,55.52,51.16,49.28,55.4,At Risk
S025,Statistics,47.13,122.71,2,56.69,0.3841,23.57,66.51,48.25,47.87,55.57,At Risk
S025,Calculus,53.66,122.76,4,56.69,0.4372,13.42,55.52,52.58,50.33,57.03,At Risk
S026,Calculus,53.29,135.34,4,80.89,0.3938,13.32,55.52,58.79,58.67,63.23,Stable
S026,Trigonometry,61.54,90.55,5,80.89,0.6796,12.31,63.16,68.63,63.84,72.6,Stable
S026,Algebra,68.92,74.6,3,80.89,0.9239,22.97,72.97,77.21,69.57,78.96,Stable
S026,Calculus,58.16,92.01,2,80.89,0.6321,29.08,55.52,65.99,63.64,72.67,Stable
S026,Algebra,64.27,99.28,4,80.89,0.6474,16.07,72.97,69.35,65.45,68.64,Stable
S026,Geometry,71.9,84.79,2,80.89,0.848,35.95,67.06,77.18,72.06,82.81,High Performer
S027,Algebra,75.06,88.49,4,68.14,0.8482,18.76,72.97,74.93,67.33,74.24,Stable
S027,Statistics,51.04,114.61,3,68.14,0.4454,17.01,66.51,54.87,53.53,58.22,At Risk
S027,Statistics,47.67,104.91,3,68.14,0.4544,15.89,66.51,53.36,51.77,56.88,At Risk
S027,Trigonometry,55.56,110.39,2,68.14,0.5033,27.78,63.16,58.29,57.1,63.74,Stable
S027,Geometry,42.15,82.97,4,68.14,0.508,10.54,67.06,51.68,48.69,57.74,At Risk
S028,Trigonometry,69.41,93.39,1,82.86,0.7432,69.41,63.16,74.43,74.45,78.2,Stable
S028,Trigonometry,71.61,99.94,5,82.86,0.7165,14.32,63.16,75.0,69.93,71.96,Stable
S028,Algebra,77.52,72.09,2,82.86,1.0753,38.76,72.97,83.62,76.47,84.2,High Performer
S028,Algebra,76.22,95.87,2,82.86,0.7951,38.11,72.97,78.87,74.93,82.0,High Performer
S028,Calculus,68.08,115.34,2,82.86,0.5903,34.04,55.52,70.71,69.64,79.36,Stable
S028,Algebra,75.64,71.53,2,82.86,1.0574,37.82,72.97,82.68,75.43,77.02,Stable
S028,Calculus,73.86,120.5,3,82.86,0.613,24.62,55.52,74.05,71.67,76.38,Stable
S028,Calculus,65.89,90.26,2,82.86,0.73,32.94,55.52,72.4,68.99,78.35,Stable
S029,Algebra,51.72,98.26,4,72.57,0.5263,12.93,72.97,58.16,55.38,63.75,Stable
S029,Trigonometry,38.79,102.36,4,72.57,0.379,9.7,63.16,48.75,48.01,61.23,Stable
S029,Trigonometry,56.96,101.21,3,72.57,0.5628,18.99,63.16,61.51,58.76,68.06,Stable
S029,Calculus,48.21,126.27,4,72.57,0.3818,12.05,55.52,53.51,52.96,55.95,At Risk
S029,Geometry,57.32,110.3,3,72.57,0.5197,19.11,67.06,60.82,58.77,66.23,Stable
S029,Trigonometry,51.7,88.61,5,72.57,0.5835,10.34,63.16,59.29,55.34,60.82,Stable
S029,Trigonometry,38.58,119.16,3,72.57,0.3238,12.86,63.16,47.54,48.0,50.75,At Risk
S029,Statistics,56.9,111.46,3,72.57,0.5105,18.97,66.51,60.43,58.51,61.49,Stable
S030,Trigonometry,61.67,74.41,4,75.27,0.8288,15.42,63.16,69.99,62.79,67.23,Stable
S030,Geometry,64.86,105.23,3,75.27,0.6163,21.62,67.06,67.34,64.16,74.06,Stable
S030,Trigonometry,64.17,109.63,3,75.27,0.5853,21.39,63.16,66.37,63.66,70.68,Stable
S030,Geometry,60.96,92.17,5,75.27,0.6614,12.19,67.06,66.29,61.44,64.61,Stable
S030,Statistics,66.56,89.52,2,75.27,0.7435,33.28,66.51,70.73,66.68,66.59,Stable
S031,Trigonometry,64.73,104.31,3,80.81,0.6206,21.58,63.16,69.02,66.1,70.1,Stable
S031,Geometry,68.22,75.53,1,80.81,0.9032,68.22,67.06,76.42,73.64,77.62,Stable
S031,Calculus,56.87,106.76,2,80.81,0.5327,28.44,55.52,63.33,62.5,71.05,Stable
S031,Calculus,60.57,108.69,4,80.81,0.5572,15.14,55.52,65.67,63.12,72.33,Stable
S031,Statistics,61.51,73.19,5,80.81,0.8403,12.3,66.51,71.8,64.44,72.45,Stable
S032,Calculus,55.63,110.58,3,72.7,0.5031,18.54,55.52,59.69,57.85,67.5,Stable
S032,Geometry,68.14,111.91,4,72.7,0.6089,17.04,67.06,68.06,64.38,74.67,Stable
S032,Statistics,56.72,97.75,2,72.7,0.5802,28.36,66.51,61.78,59.69,73.14,Stable
S032,Calculus,51.74,117.07,4,72.7,0.4419,12.93,55.52,56.52,55.1,58.47,At Risk
S032,Trigonometry,77.39,56.31,2,72.7,1.3744,38.69,63.16,80.5,72.74,77.99,Stable
S032,Geometry,59.76,90.05,2,72.7,0.6637,29.88,67.06,64.96,61.69,71.03,Stable
S032,Geometry,74.03,90.13,3,72.7,0.8214,24.68,67.06,75.25,68.94,75.49,Stable
S033,Geometry,78.58,94.43,2,69.55,0.8322,39.29,67.06,76.8,71.59,71.59,Stable
S033,Statistics,54.35,91.33,4,69.55,0.5951,13.59,66.51,59.94,55.95,61.6,Stable
S033,Calculus,46.98,101.9,4,69.55,0.461,11.74,55.52,53.57,51.54,59.13,At Risk
S033,Statistics,73.34,72.39,2,69.55,1.0132,36.67,66.51,77.54,69.38,74.5,Stable
S033,Calculus,58.33,109.59,3,69.55,0.5322,19.44,55.52,60.67,58.28,64.9,Stable
S033,Trigonometry,57.84,105.53,5,69.55,0.5481,11.57,63.16,60.75,57.31,61.69,Stable
S033,Statistics,56.53,88.67,5,69.55,0.6375,11.31,66.51,61.88,56.98,64.92,Stable
S034,Trigonometry,79.15,62.89,1,88.27,1.2587,79.15,63.16,86.06,83.27,86.83,High Performer
S034,Calculus,71.62,96.67,1,88.27,0.7409,71.62,55.52,77.11,77.71,87.74,High Performer
S034,Geometry,84.29,54.05,1,88.27,1.5595,84.29,67.06,88.63,86.35,87.9,High Performer
S034,Algebra,97.97,77.4,1,88.27,1.2658,97.97,72.97,95.47,94.56,92.74,High Performer
S034,Geometry,85.46,38.67,1,88.27,2.2102,85.46,67.06,89.21,87.05,90.15,High Performer
S034,Statistics,75.71,60.56,1,88.27,1.25,75.71,66.51,84.34,81.2,80.16,High Performer
S035,Calculus,46.44,138.63,5,71.31,0.335,9.29,55.52,51.31,51.16,53.6,At Risk
S035,Trigonometry,72.11,95.73,2,71.31,0.7533,36.05,63.16,72.51,68.34,78.86,Stable
S035,Statistics,63.93,99.95,3,71.31,0.6396,21.31,66.51,66.15,62.33,65.69,Stable
S035,Geometry,59.13,118.3,3,71.31,0.4998,19.71,67.06,60.95,59.21,64.83,Stable
S035,Trigonometry,66.05,83.05,5,71.31,0.7953,13.21,63.16,70.32,63.2,66.98,Stable
S036,Statistics,74.43,70.4,2,81.9,1.0573,37.22,66.51,81.79,74.42,77.04,Stable
S036,Calculus,49.98,106.92,4,81.9,0.4675,12.49,55.52,58.91,57.59,58.04,At Risk
S036,Geometry,75.25,79.8,3,81.9,0.9431,25.08,67.06,81.06,73.39,78.92,Stable
S036,Algebra,75.69,84.54,3,81.9,0.8953,25.23,72.97,80.32,73.43,78.12,Stable
S036,Statistics,74.86,76.72,2,81.9,0.9757,37.43,66.51,81.51,74.56,79.13,Stable
S037,Calculus,49.27,102.87,5,77.33,0.479,9.85,55.52,57.42,55.38,62.29,Stable
S037,Geometry,78.26,70.48,2,77.33,1.1104,39.13,67.06,82.33,74.88,80.77,High Performer
S037,Geometry,67.6,90.21,5,77.33,0.7494,13.52,67.06,71.99,65.99,68.0,Stable
S037,Algebra,82.13,71.29,2,77.33,1.1521,41.07,72.97,84.27,77.01,80.87,High Performer
S037,Geometry,68.81,62.03,2,77.33,1.1093,34.41,67.06,77.61,69.69,73.43,Stable
S037,Algebra,91.64,56.59,1,77.33,1.6195,91.64,72.97,89.02,86.82,81.85,High Performer
S038,Calculus,44.47,120.73,4,68.25,0.3683,11.12,55.52,50.07,49.39,58.37,At Risk
S038,Algebra,70.19,77.72,2,68.25,0.9031,35.09,72.97,73.63,66.79,65.49,Stable
S038,Calculus,39.21,118.38,4,68.25,0.3312,9.8,55.52,46.71,46.48,50.44,At Risk
S038,Calculus,61.64,112.01,3,68.25,0.5503,20.55,55.52,62.3,59.65,62.31,Stable
S038,Algebra,76.56,80.52,1,68.25,0.9509,76.56,72.97,77.77,74.31,74.87,Stable
S038,Statistics,73.86,89.24,2,68.25,0.8277,36.93,66.51,73.96,68.5,72.15,Stable
S038,Calculus,49.59,134.16,4,68.25,0.3696,12.4,55.52,52.66,52.08,60.22,Stable
S038,Calculus,52.83,124.0,5,68.25,0.4261,10.57,55.52,55.41,53.75,57.14,At Risk
S039,Calculus,54.02,109.76,4,79.25,0.4922,13.51,55.52,60.63,58.86,63.41,Stable
S039,Statistics,70.19,87.85,1,79.25,0.7989,70.19,66.51,74.85,73.84,75.68,Stable
S039,Calculus,45.87,128.02,4,79.25,0.3583,11.47,55.52,53.88,54.05,59.2,At Risk
S039,Trigonometry,62.21,96.21,4,79.25,0.6466,15.55,63.16,67.81,63.78,67.67,Stable
S039,Geometry,73.66,55.42,1,79.25,1.3292,73.66,67.06,80.61,76.73,83.8,High Performer
S039,Trigonometry,62.91,95.54,4,79.25,0.6584,15.73,63.16,68.4,64.19,73.83,Stable
S039,Algebra,80.6,75.91,2,79.25,1.0617,40.3,72.97,84.07,76.86,82.39,High Performer
S039,Algebra,85.48,55.54,1,79.25,1.5392,85.48,72.97,86.52,83.82,85.99,High Performer
S040,Geometry,66.94,104.96,5,58.95,0.6378,13.39,67.06,63.91,58.58,61.25,Stable
S040,Algebra,64.76,97.19,2,58.95,0.6663,32.38,72.97,63.39,59.5,64.62,Stable
S040,Geometry,70.85,94.39,5,58.95,0.7507,14.17,67.06,68.12,61.07,61.3,Stable
S040,Calculus,44.66,132.32,3,58.95,0.3375,14.89,55.52,46.76,46.39,55.24,At Risk
S040,Calculus,51.91,117.21,4,58.95,0.4429,12.98,55.52,52.5,50.25,61.38,Stable
S040,Statistics,49.09,135.57,5,58.95,0.3621,9.82,66.51,49.47,48.2,55.56,At Risk
S040,Calculus,56.08,111.49,2,58.95,0.503,28.04,55.52,55.78,54.08,56.76,At Risk
S040,Trigonometry,52.87,117.04,3,58.95,0.4517,17.62,63.16,53.16,51.23,56.49,At Risk
S041,Trigonometry,86.01,68.22,1,93.15,1.2607,86.01,63.16,90.95,89.14,91.6,High Performer
S041,Trigonometry,88.46,80.5,3,93.15,1.0988,29.49,63.16,92.17,84.71,92.16,High Performer
S041,Geometry,66.81,57.08,1,93.15,1.1704,66.81,67.06,81.35,77.62,78.7,Stable
S041,Algebra,91.4,63.04,1,93.15,1.4498,91.4,72.97,93.65,92.38,90.58,High Performer
S041,Statistics,78.87,51.65,3,93.15,1.5268,26.29,66.51,87.38,79.6,80.27,High Performer
S041,Algebra,99.87,39.21,1,93.15,2.5468,99.87,72.97,97.88,97.46,96.28,High Performer
S041,Calculus,66.79,106.72,1,93.15,0.6259,66.79,55.52,73.86,76.11,85.09,High Performer
S042,Statistics,70.44,66.52,1,79.29,1.059,70.44,66.51,79.01,74.81,77.37,Stable
S042,Calculus,76.79,72.12,2,79.29,1.0648,38.4,55.52,82.18,74.78,85.36,High Performer
S042,Geometry,80.22,85.65,2,79.29,0.9366,40.11,67.06,82.63,76.41,80.32,High Performer
S042,Statistics,96.51,55.02,1,79.29,1.7541,96.51,66.51,92.04,90.45,86.8,High Performer
S042,Calculus,67.51,75.54,5,79.29,0.8937,13.5,55.52,75.42,67.23,72.58,Stable
S042,Trigonometry,62.3,89.33,2,79.29,0.6974,31.15,63.16,68.88,65.6,70.41,Stable
S042,Statistics,72.08,83.72,2,79.29,0.8609,36.04,66.51,77.04,71.63,76.0,Stable
S043,Algebra,93.13,39.7,1,88.82,2.346,93.13,72.97,93.21,91.85,89.64,High Performer
S043,Calculus,71.89,99.92,2,88.82,0.7195,35.95,55.52,76.98,74.39,77.98,Stable
S043,Calculus,68.12,92.22,3,88.82,0.7387,22.71,55.52,75.48,71.26,74.26,Stable
S043,Calculus,72.78,83.21,3,88.82,0.8746,24.26,55.52,80.53,74.29,81.82,High Performer
S043,Algebra,86.48,65.18,2,88.82,1.3268,43.24,72.97,89.89,83.54,85.41,High Performer
S043,Calculus,67.22,85.54,2,88.82,0.7859,33.61,55.52,75.98,72.09,74.3,Stable
S044,Statistics,60.0,93.98,4,79.8,0.6384,15.0,66.51,66.71,62.78,72.38,Stable
S044,Algebra,75.39,80.54,1,79.8,0.936,75.39,72.97,80.36,77.71,85.57,High Performer
S044,Algebra,53.1,86.51,2,79.8,0.6138,26.55,72.97,62.76,60.39,70.3,Stable
S044,Geometry,73.56,61.82,2,79.8,1.1899,36.78,67.06,80.72,73.19,78.68,Stable
S044,Statistics,75.85,80.07,3,79.8,0.9472,25.28,66.51,80.81,72.97,75.99,Stable
S045,Statistics,88.69,83.97,1,83.14,1.0563,88.69,66.51,89.29,87.14,94.03,High Performer
S045,Calculus,54.27,117.68,3,83.14,0.4612,18.09,55.52,61.3,60.72,66.61,Stable
S045,Calculus,49.01,107.25,3,83.14,0.457,16.34,55.52,58.59,57.9,62.86,Stable
S045,Trigonometry,76.9,59.12,2,83.14,1.3007,38.45,63.16,83.4,76.23,78.0,Stable
S045,Statistics,71.26,76.81,4,83.14,0.9278,17.81,66.51,79.13,71.05,77.11,Stable
S045,Algebra,88.29,55.15,1,83.14,1.6009,88.29,72.97,89.09,86.9,83.93,High Performer
S046,Calculus,57.11,109.44,4,75.01,0.5218,14.28,55.52,61.49,59.07,65.19,Stable
S046,Trigonometry,60.47,100.08,3,75.01,0.6042,20.16,63.16,64.82,61.67,71.12,Stable
S046,Statistics,65.45,110.09,5,75.01,0.5945,13.09,66.51,67.12,63.42,69.17,Stable
S046,Calculus,53.33,112.54,5,75.01,0.4739,10.67,55.52,58.65,56.63,61.5,Stable
S046,Trigonometry,74.24,79.16,3,75.01,0.9378,24.75,63.16,78.38,70.35,69.84,Stable
S046,Algebra,60.15,106.19,3,75.01,0.5665,20.05,72.97,63.91,61.35,67.83,Stable
S046,Calculus,52.15,99.3,3,75.01,0.5252,17.38,55.52,59.08,56.92,62.75,Stable
S046,Trigonometry,69.24,98.72,2,75.01,0.7014,34.62,63.16,71.15,67.89,78.19,Stable
S047,Trigonometry,61.53,111.91,3,82.68,0.5498,20.51,63.16,66.56,64.78,70.4,Stable
S047,Trigonometry,58.98,93.22,4,82.68,0.6327,14.74,63.16,66.95,63.26,73.9,Stable
S047,Algebra,75.06,81.05,3,82.68,0.926,25.02,72.97,80.85,73.5,81.33,High Performer
S047,Calculus,38.09,113.66,2,82.68,0.3351,19.05,55.52,50.55,52.06,56.79,At Risk
S047,Statistics,71.02,75.49,2,82.68,0.9408,35.51,66.51,79.13,72.59,78.17,Stable
S047,Geometry,67.03,92.19,3,82.68,0.727,22.34,67.06,72.86,68.42,76.16,Stable
S047,Geometry,86.6,84.72,2,82.68,1.0221,43.3,67.06,88.1,81.39,92.49,High Performer
S048,Statistics,42.95,99.91,3,63.95,0.4299,14.32,66.51,49.25,47.65,57.29,At Risk
S048,Calculus,56.65,119.65,4,63.95,0.4735,14.16,55.52,56.98,54.66,60.08,Stable
S048,Algebra,59.12,84.39,5,63.95,0.7006,11.82,72.97,62.76,56.57,61.55,Stable
S048,Algebra,58.34,111.77,5,63.95,0.522,11.67,72.97,58.8,55.45,62.04,Stable
S048,Algebra,80.88,67.6,3,63.95,1.1964,26.96,72.97,79.62,70.16,72.61,Stable
S049,Calculus,59.78,97.39,3,88.49,0.6138,19.93,55.52,68.71,66.19,73.28,Stable
S049,Statistics,82.23,67.8,2,88.49,1.2128,41.11,66.51,87.66,81.08,87.66,High Performer
S049,Statistics,84.52,64.24,2,88.49,1.3157,42.26,66.51,88.81,82.34,86.55,High Performer
S049,Trigonometry,65.54,86.39,5,88.49,0.7586,13.11,63.16,74.49,68.97,72.28,Stable
S049,Calculus,46.61,109.0,3,88.49,0.4276,15.54,55.52,58.41,58.43,62.66,Stable
S049,Algebra,71.62,64.21,3,88.49,1.1153,23.87,72.97,82.35,74.05,77.71,Stable
S050,Algebra,67.21,67.95,2,95.02,0.989,33.6,72.97,81.89,75.13,84.65,High Performer
S050,Algebra,67.07,52.06,3,95.02,1.2884,22.36,72.97,82.04,73.98,75.64,Stable
S050,Statistics,85.24,87.28,3,95.02,0.9766,28.41,66.51,90.66,83.57,87.32,High Performer
S050,Algebra,78.15,91.51,1,95.02,0.854,78.15,72.97,84.66,84.51,89.91,High Performer
S050,Algebra,62.28,63.88,2,95.02,0.975,31.14,72.97,79.15,72.36,78.12,Stable
S050,Algebra,79.48,67.07,3,95.02,1.1849,26.49,72.97,88.24,80.6,84.33,High Performer
S050,Statistics,85.25,87.25,1,95.02,0.9771,85.25,66.51,90.67,89.26,85.75,High Performer
S051,Calculus,56.92,106.95,3,84.41,0.5323,18.97,55.52,64.43,62.87,69.35,Stable
S051,Trigonometry,81.0,43.15,2,84.41,1.8772,40.5,63.16,85.82,78.94,86.01,High Performer
S051,Calculus,69.32,85.22,4,84.41,0.8134,17.33,55.52,76.25,70.03,81.03,High Performer
S051,Trigonometry,59.38,88.1,4,84.41,0.674,14.84,63.16,68.49,64.26,74.87,Stable
S051,Statistics,77.34,75.0,1,84.41,1.0313,77.34,66.51,83.99,80.79,85.51,High Performer
S052,Calculus,42.91,120.2,3,68.11,0.357,14.3,55.52,49.03,48.83,58.7,At Risk
S052,Calculus,43.23,106.95,2,68.11,0.4042,21.62,55.52,50.13,49.91,61.29,Stable
S052,Algebra,44.94,121.43,3,68.11,0.3701,14.98,72.97,50.31,49.97,62.21,Stable
S052,Geometry,59.78,93.39,2,68.11,0.6401,29.89,67.06,63.12,59.96,62.78,Stable
S052,Calculus,44.24,118.66,2,68.11,0.3728,22.12,55.52,50.01,50.34,57.71,At Risk
S053,Trigonometry,55.28,117.24,5,66.53,0.4715,11.06,63.16,57.03,54.58,61.06,Stable
S053,Statistics,40.99,118.42,3,66.53,0.3462,13.66,66.51,47.38,47.2,48.67,At Risk
S053,Statistics,79.53,97.48,3,66.53,0.8159,26.51,66.51,76.04,69.63,76.01,Stable
S053,Geometry,49.51,89.5,5,66.53,0.5532,9.9,67.06,55.78,51.91,54.86,At Risk
S053,Statistics,52.22,102.19,3,66.53,0.511,17.41,66.51,56.29,53.85,61.33,Stable
S053,Geometry,73.01,102.3,4,66.53,0.7137,18.25,67.06,70.74,65.14,72.8,Stable
S054,Calculus,61.55,105.82,2,69.74,0.5817,30.78,55.52,63.33,61.29,61.24,Stable
S054,Statistics,67.72,102.99,3,69.74,0.6575,22.57,66.51,67.93,63.85,68.5,Stable
S054,Algebra,67.78,93.16,3,69.74,0.7276,22.59,72.97,69.36,64.16,68.89,Stable
S054,Statistics,44.36,135.93,3,69.74,0.3264,14.79,66.51,49.63,50.07,60.47,Stable
S054,Calculus,48.73,135.58,5,69.74,0.3594,9.75,55.52,52.48,51.89,55.28,At Risk
S055,Calculus,49.98,114.51,3,50.69,0.4364,16.66,55.52,48.93,46.65,49.83,At Risk
S055,Statistics,45.71,137.61,4,50.69,0.3322,11.43,66.51,44.71,43.58,51.11,At Risk
S055,Trigonometry,50.28,123.64,4,50.69,0.4067,12.57,63.16,48.48,46.27,57.31,At Risk
S055,Algebra,52.1,96.99,4,50.69,0.5372,13.03,72.97,52.0,47.75,53.82,At Risk
S055,Calculus,38.96,112.38,4,50.69,0.3467,9.74,55.52,41.62,40.09,49.5,At Risk
S055,Statistics,62.47,122.0,2,50.69,0.5121,31.24,66.51,56.69,54.66,62.25,Stable
S055,Algebra,53.21,102.23,3,50.69,0.5205,17.74,72.97,52.22,48.71,56.74,At Risk
S056,Calculus,60.05,82.52,4,77.31,0.7277,15.01,55.52,67.77,62.27,71.86,Stable
S056,Geometry,60.53,119.83,2,77.31,0.5051,30.26,67.06,63.56,63.14,73.52,Stable
S056,Trigonometry,67.41,105.83,5,77.31,0.637,13.48,63.16,69.64,65.43,72.15,Stable
S056,Trigonometry,90.02,85.7,1,77.31,1.0504,90.02,63.16,88.2,85.84,84.77,High Performer
S056,Statistics,62.66,98.39,2,77.31,0.6369,31.33,66.51,67.26,64.84,68.37,Stable
S056,Statistics,74.57,87.49,2,77.31,0.8523,37.28,66.51,77.52,72.25,77.49,Stable
S056,Algebra,77.9,52.5,1,77.31,1.4838,77.9,72.97,82.14,78.57,83.92,High Performer
S056,Algebra,67.77,72.73,2,77.31,0.9318,33.88,72.97,75.71,68.83,77.15,Stable
S057,Calculus,50.94,99.99,3,80.81,0.5094,16.98,55.52,59.9,58.3,66.87,Stable
S057,Trigonometry,62.92,89.18,4,80.81,0.7055,15.73,63.16,69.81,64.95,69.74,Stable
S057,Statistics,74.93,45.29,3,80.81,1.6544,24.98,66.51,81.71,73.06,78.42,Stable
S057,Algebra,68.41,99.06,2,80.81,0.6906,34.2,72.97,72.26,69.48,77.38,Stable
S057,Geometry,69.3,61.41,4,80.81,1.1286,17.32,67.06,78.89,69.47,78.85,Stable
S058,Algebra,86.24,62.98,2,83.48,1.3691,43.12,72.97,88.16,81.48,84.17,High Performer
S058,Calculus,62.69,125.36,2,83.48,0.5001,31.35,55.52,66.39,66.53,70.27,Stable
S058,Statistics,75.14,81.1,2,83.48,0.9266,37.57,66.51,81.15,75.09,82.21,High Performer
S058,Statistics,74.11,77.17,3,83.48,0.9605,24.7,66.51,81.31,73.42,78.51,Stable
S058,Statistics,77.81,82.4,1,83.48,0.9443,77.81,66.51,82.84,80.52,81.94,High Performer
S058,Geometry,84.19,65.99,2,83.48,1.2758,42.09,67.06,87.14,80.36,83.5,High Performer
S059,Calculus,40.05,110.38,3,61.76,0.3628,13.35,55.52,45.81,45.04,51.1,At Risk
S059,Geometry,40.8,103.07,4,61.76,0.3959,10.2,67.06,46.85,45.24,54.16,At Risk
S059,Calculus,59.4,125.28,5,61.76,0.4741,11.88,55.52,57.71,55.02,66.01,Stable
S059,Trigonometry,62.51,116.45,3,61.76,0.5368,20.84,63.16,60.52,57.72,67.16,Stable
S059,Statistics,47.26,116.01,5,61.76,0.4074,9.45,66.51,50.31,48.44,55.77,At Risk
S060,Calculus,65.65,102.74,4,84.32,0.639,16.41,55.52,70.9,67.38,75.3,Stable
S060,Geometry,70.12,80.12,3,84.32,0.8752,23.37,67.06,77.86,71.25,79.83,Stable
S060,Calculus,51.97,129.83,5,84.32,0.4003,10.39,55.52,59.29,58.98,66.75,Stable
S060,Geometry,65.25,74.39,2,84.32,0.8772,32.62,67.06,75.46,69.75,76.12,Stable
S060,Algebra,72.86,60.99,1,84.32,1.1945,72.86,72.97,81.72,78.07,80.87,High Performer
S060,Statistics,49.3,98.6,5,84.32,0.5,9.86,66.51,59.95,57.99,67.98,Stable
S060,Calculus,52.6,100.08,3,84.32,0.5256,17.53,55.52,62.11,60.51,68.44,Stable
S060,Geometry,70.96,95.36,2,84.32,0.7441,35.48,67.06,75.66,72.36,78.11,Stable
S061,Algebra,41.3,99.57,4,60.79,0.4148,10.33,72.97,47.18,45.23,52.35,At Risk
S061,Calculus,44.31,116.2,3,60.79,0.3814,14.77,55.52,48.02,47.04,55.67,At Risk
S061,Trigonometry,49.19,137.81,3,60.79,0.3569,16.4,63.16,49.97,49.55,59.97,At Risk
S061,Calculus,46.33,120.14,2,60.79,0.3857,23.17,55.52,49.12,48.91,56.18,At Risk
S061,Trigonometry,43.77,127.53,3,60.79,0.3432,14.59,63.16,46.99,46.6,50.02,At Risk
S061,Geometry,49.81,102.05,3,60.79,0.4881,16.6,67.06,52.9,50.4,57.93,At Risk
S061,Algebra,50.09,95.87,3,60.79,0.5225,16.7,72.97,53.73,50.69,58.39,At Risk
S061,Calculus,43.11,116.11,3,60.79,0.3713,14.37,55.52,47.22,46.36,57.57,At Risk
S062,Trigonometry,58.88,104.52,3,80.19,0.5633,19.63,63.16,64.76,62.52,65.6,Stable
S062,Geometry,66.89,75.26,3,80.19,0.8887,22.3,67.06,75.28,68.1,76.17,Stable
S062,Algebra,81.76,88.91,2,80.19,0.9196,40.88,72.97,83.33,77.51,90.18,High Performer
S062,Geometry,60.1,84.09,4,80.19,0.7148,15.03,67.06,68.4,63.28,72.13,Stable
S062,Statistics,47.44,91.81,3,80.19,0.5168,15.81,66.51,58.12,56.24,59.79,At Risk
S063,Algebra,87.49,68.89,2,82.61,1.27,43.74,72.97,88.53,81.86,90.12,High Performer
S063,Trigonometry,75.46,103.76,2,82.61,0.7272,37.73,63.16,77.06,74.15,86.96,High Performer
S063,Calculus,59.43,88.08,3,82.61,0.6748,19.81,55.52,68.0,64.14,72.82,Stable
S063,Geometry,77.03,65.16,2,82.61,1.1822,38.51,67.06,83.3,76.11,78.32,Stable
S063,Trigonometry,77.79,97.06,5,82.61,0.8015,15.56,63.16,79.71,73.4,82.18,High Performer
S063,Statistics,77.58,72.77,1,82.61,1.0661,77.58,66.51,83.58,80.29,81.36,High Performer
S063,Algebra,82.44,44.84,1,82.61,1.8387,82.44,72.97,86.0,83.2,85.22,High Performer
S063,Trigonometry,76.69,51.43,2,82.61,1.4911,38.34,63.16,83.13,75.92,81.46,High Performer
S064,Calculus,43.11,120.61,2,57.45,0.3575,21.56,55.52,45.94,45.82,53.9,At Risk
S064,Algebra,57.94,101.99,4,57.45,0.5681,14.49,72.97,57.57,53.37,57.54,At Risk
S064,Trigonometry,53.71,137.06,3,57.45,0.3918,17.9,63.16,51.92,50.89,50.95,At Risk
S064,Statistics,33.01,116.92,2,57.45,0.2823,16.5,66.51,39.38,39.96,47.56,At Risk
S064,Statistics,46.74,124.72,5,57.45,0.3748,9.35,66.51,48.1,46.49,55.76,At Risk
S064,Algebra,49.62,125.26,4,57.45,0.3961,12.41,72.97,49.97,48.32,54.48,At Risk
S064,Algebra,52.3,115.33,2,57.45,0.4535,26.15,72.97,52.45,51.26,52.05,At Risk
S064,Algebra,56.67,114.95,3,57.45,0.493,18.89,72.97,55.43,52.88,63.57,Stable
S065,Trigonometry,57.74,93.54,4,84.22,0.6173,14.44,63.16,66.48,63.1,65.49,Stable
S065,Geometry,71.13,66.81,2,84.22,1.0646,35.56,67.06,80.83,73.44,78.6,Stable
S065,Trigonometry,51.2,84.06,2,84.22,0.6091,25.6,63.16,63.05,60.92,72.12,Stable
S065,Trigonometry,65.86,106.79,4,84.22,0.6168,16.47,63.16,70.53,67.36,76.84,Stable
S065,Geometry,60.56,80.8,3,84.22,0.7495,20.19,67.06,70.53,65.62,73.06,Stable
S065,Calculus,42.89,96.03,5,84.22,0.4467,8.58,55.52,55.65,54.41,61.21,Stable
S065,Calculus,48.73,120.77,3,84.22,0.4035,16.24,55.52,57.7,57.92,68.73,Stable
S065,Algebra,59.8,72.51,2,84.22,0.8246,29.9,72.97,71.66,66.51,71.15,Stable
S066,Geometry,66.66,72.52,2,64.77,0.9192,33.33,67.06,71.15,63.66,68.73,Stable
S066,Trigonometry,68.02,108.4,3,64.77,0.6275,22.67,63.16,65.99,62.1,61.76,Stable
S066,Trigonometry,70.3,80.06,2,64.77,0.8781,35.15,63.16,72.14,65.49,71.12,Stable
S066,Statistics,64.01,67.36,1,64.77,0.9502,64.01,66.51,70.44,65.52,73.13,Stable
S066,Calculus,53.44,124.73,5,64.77,0.4285,10.69,55.52,54.72,52.82,60.43,Stable
S066,Trigonometry,53.68,117.84,3,64.77,0.4556,17.89,63.16,55.39,53.77,62.54,Stable
S067,Geometry,73.08,48.11,3,87.72,1.5192,24.36,67.06,82.86,74.56,82.11,High Performer
S067,Trigonometry,55.97,107.06,3,87.72,0.5228,18.66,63.16,64.76,63.52,73.91,Stable
S067,Calculus,63.46,100.82,2,87.72,0.6294,31.73,55.52,70.63,69.0,74.95,Stable
S067,Trigonometry,47.72,106.36,4,87.72,0.4486,11.93,63.16,59.15,58.43,61.61,Stable
S067,Statistics,53.41,94.72,3,87.72,0.5638,17.8,66.51,64.3,62.32,72.39,Stable
S067,Algebra,75.36,73.05,1,87.72,1.0316,75.36,72.97,84.0,80.8,75.98,Stable
S067,Calculus,61.99,118.77,3,87.72,0.522,20.66,55.52,67.75,66.73,71.91,Stable
S068,Trigonometry,63.91,89.85,2,80.74,0.7112,31.95,63.16,70.4,67.06,68.06,Stable
S068,Trigonometry,48.74,98.92,5,80.74,0.4927,9.75,63.16,58.45,56.38,60.45,Stable
S068,Calculus,50.44,133.24,3,80.74,0.3786,16.81,55.52,57.02,57.48,61.94,Stable
S068,Geometry,63.27,100.14,5,80.74,0.6318,12.65,67.06,68.49,64.49,70.86,Stable
S068,Calculus,49.99,106.59,3,80.74,0.469,16.66,55.52,58.6,57.6,61.69,Stable
S068,Geometry,88.43,52.49,3,80.74,1.6845,29.48,67.06,88.44,80.23,80.93,High Performer
S069,Statistics,55.3,99.78,3,76.92,0.5542,18.43,66.51,61.81,59.4,75.27,Stable
S069,Calculus,56.3,116.38,4,76.92,0.4838,14.08,55.52,60.9,59.18,66.07,Stable
S069,Geometry,67.44,83.62,1,76.92,0.8066,67.44,67.06,72.93,71.38,72.06,Stable
S069,Algebra,68.31,91.91,3,76.92,0.7431,22.77,72.97,72.09,67.1,78.29,Stable
S069,Geometry,52.96,94.14,4,76.92,0.5625,13.24,67.06,60.8,57.74,63.3,Stable
S069,Geometry,60.59,99.8,3,76.92,0.6071,20.2,67.06,65.51,62.43,67.21,Stable
S069,Algebra,86.58,57.54,2,76.92,1.5047,43.29,72.97,86.37,79.31,77.87,Stable
S069,Algebra,80.7,76.14,2,76.92,1.06,40.35,72.97,83.43,76.08,76.82,Stable
S070,Statistics,73.66,78.04,2,84.73,0.9438,36.83,66.51,81.12,74.79,75.94,Stable
S070,Algebra,73.43,95.47,2,84.73,0.7691,36.72,72.97,77.52,73.97,82.53,High Performer
S070,Statistics,82.75,85.98,3,84.73,0.9625,27.58,66.51,86.04,78.48,84.83,High Performer
S070,Statistics,59.34,94.74,3,84.73,0.6264,19.78,66.51,67.62,64.66,75.82,Stable
S070,Statistics,66.46,103.71,5,84.73,0.6408,13.29,66.51,71.46,67.62,71.59,Stable
S070,Geometry,77.57,87.05,1,84.73,0.8911,77.57,67.06,82.02,80.61,83.12,High Performer
S070,Algebra,76.51,89.35,2,84.73,0.8563,38.25,72.97,80.8,76.01,79.9,Stable
S070,Statistics,61.33,75.7,2,84.73,0.8102,30.67,66.51,72.29,67.48,69.62,Stable
S071,Trigonometry,68.83,116.54,4,61.38,0.5906,17.21,63.16,64.64,60.6,66.95,Stable
S071,Geometry,73.49,95.46,4,61.38,0.7699,18.37,67.06,70.56,63.76,65.88,Stable
S071,Trigonometry,58.01,108.32,4,61.38,0.5356,14.5,63.16,58.13,54.69,60.06,Stable
S071,Trigonometry,61.26,120.67,5,61.38,0.5077,12.25,63.16,59.2,55.98,64.08,Stable
S071,Trigonometry,74.32,87.82,4,61.38,0.8463,18.58,63.16,72.5,64.5,65.44,Stable
S071,Geometry,56.5,83.8,3,61.38,0.6742,18.83,67.06,60.15,54.93,58.75,At Risk
S071,Algebra,72.85,60.46,1,61.38,1.2051,72.85,72.97,74.84,69.81,71.95,Stable
S071,Algebra,74.19,95.01,4,61.38,0.7808,18.55,72.97,71.13,64.17,71.92,Stable
S072,Trigonometry,71.84,70.67,4,79.55,1.0166,17.96,63.16,79.78,70.35,77.4,Stable
S072,Trigonometry,79.15,69.97,1,79.55,1.1312,79.15,63.16,83.44,80.13,83.77,High Performer
S072,Statistics,80.28,76.72,1,79.55,1.0463,80.28,66.51,84.0,80.81,82.36,High Performer
S072,Algebra,76.16,61.95,1,79.55,1.2294,76.16,72.97,81.95,78.33,79.81,Stable
S072,Statistics,77.95,65.59,2,79.55,1.1884,38.98,66.51,82.84,75.51,82.38,High Performer
S072,Calculus,71.41,79.44,2,79.55,0.8989,35.7,55.52,77.55,71.51,76.31,Stable
S072,Statistics,78.82,45.78,2,79.55,1.7216,39.41,66.51,83.27,75.99,82.78,High Performer
S073,Calculus,79.78,110.78,2,89.18,0.7201,39.89,55.52,81.04,78.86,82.8,High Performer
S073,Trigonometry,63.91,86.98,1,89.18,0.7347,63.91,63.16,73.4,73.39,71.49,Stable
S073,Geometry,84.87,76.16,1,89.18,1.1143,84.87,67.06,89.19,87.03,93.33,High Performer
S073,Trigonometry,76.48,59.97,3,89.18,1.2753,25.49,63.16,84.99,76.89,87.0,High Performer
S073,Trigonometry,62.17,99.31,2,89.18,0.626,31.09,63.16,70.36,68.8,78.87,Stable
S073,Statistics,66.95,99.49,1,89.18,0.673,66.95,66.51,73.69,74.97,84.1,High Performer
S073,Statistics,82.49,93.8,1,89.18,0.8794,82.49,66.51,85.59,85.12,88.47,High Performer
S073,Statistics,86.38,74.08,3,89.18,1.166,28.79,66.51,89.94,82.17,88.64,High Performer
S074,Statistics,63.98,78.2,2,84.62,0.8182,31.99,66.51,73.74,68.92,78.61,Stable
S074,Statistics,55.57,102.94,5,84.62,0.5398,11.11,66.51,63.97,61.52,65.16,Stable
S074,Geometry,67.57,98.79,5,84.62,0.6839,13.51,67.06,72.85,68.34,72.55,Stable
S074,Statistics,56.94,106.56,5,84.62,0.5343,11.39,66.51,64.54,62.21,66.18,Stable
S074,Algebra,67.96,99.85,2,84.62,0.6807,33.98,72.97,72.98,70.56,76.39,Stable
S074,Geometry,57.38,96.94,2,84.62,0.5919,28.69,67.06,65.92,64.39,69.22,Stable
S075,Geometry,66.68,102.72,3,68.43,0.6491,22.23,67.06,66.85,62.79,66.7,Stable
S075,Geometry,54.5,94.13,3,68.43,0.579,18.17,67.06,59.36,56.02,60.92,Stable
S075,Calculus,48.05,127.25,2,68.43,0.3776,24.03,55.52,52.11,52.57,58.32,At Risk
S075,Statistics,63.71,67.0,4,68.43,0.951,15.93,66.51,71.41,61.89,66.7,Stable
S075,Calculus,49.25,121.66,2,68.43,0.4048,24.62,55.52,53.25,53.34,68.72,Stable
S075,Trigonometry,55.52,101.85,3,68.43,0.5451,18.51,63.16,59.19,56.43,62.96,Stable
S075,Statistics,62.87,88.38,3,68.43,0.7113,20.96,66.51,66.19,61.01,65.12,Stable
S075,Algebra,81.6,93.28,3,68.43,0.8748,27.2,72.97,78.83,71.66,78.46,Stable
S076,Statistics,79.42,31.1,3,71.01,2.5534,26.47,66.51,81.01,71.92,72.37,Stable
S076,Algebra,81.38,43.06,2,71.01,1.8899,40.69,72.97,81.99,74.32,75.93,Stable
S076,Algebra,78.49,76.47,2,71.01,1.0265,39.25,72.97,80.55,72.73,73.57,Stable
S076,Calculus,69.07,92.04,2,71.01,0.7505,34.54,55.52,70.85,66.55,67.56,Stable
S076,Geometry,71.89,68.95,1,71.01,1.0426,71.89,67.06,77.25,72.7,76.07,Stable
S076,Trigonometry,61.45,86.43,5,71.01,0.711,12.29,63.16,66.25,60.36,67.87,Stable
S076,Statistics,74.43,77.92,2,71.01,0.9552,37.21,66.51,77.62,70.32,72.28,Stable
S077,Trigonometry,83.26,104.12,2,70.32,0.7997,41.63,63.16,78.72,74.31,80.31,High Performer
S077,Statistics,58.99,84.87,3,70.32,0.695,19.66,66.51,64.49,59.56,64.06,Stable
S077,Statistics,55.73,94.15,5,70.32,0.5919,11.15,66.51,60.8,56.66,59.67,At Risk
S077,Calculus,52.84,125.69,4,70.32,0.4204,13.21,55.52,55.92,54.74,64.13,Stable
S077,Algebra,78.59,87.93,3,70.32,0.8938,26.2,72.97,78.27,70.81,76.3,Stable
S078,Statistics,91.83,61.89,5,84.88,1.4836,18.37,66.51,91.38,82.31,91.32,High Performer
S078,Statistics,56.23,103.91,3,84.88,0.5412,18.74,66.51,64.4,62.71,67.18,Stable
S078,Algebra,64.34,75.19,2,84.88,0.8557,32.17,72.97,74.75,69.37,79.43,Stable
S078,Trigonometry,60.96,103.5,4,84.88,0.589,15.24,63.16,67.72,64.92,67.9,Stable
S078,Calculus,56.49,113.73,4,84.88,0.4967,14.12,55.52,63.64,62.2,72.74,Stable
S078,Algebra,62.47,88.6,1,84.88,0.7051,62.47,72.97,70.8,70.86,75.9,Stable
S078,Calculus,67.09,111.06,5,84.88,0.6041,13.42,55.52,71.09,67.86,71.84,Stable
S079,Algebra,92.3,57.81,2,82.8,1.5965,46.15,72.97,90.99,84.57,82.74,High Performer
S079,Trigonometry,61.0,104.67,2,82.8,0.5828,30.5,63.16,67.0,65.69,71.07,Stable
S079,Calculus,59.91,87.58,3,82.8,0.6841,19.97,55.52,68.48,64.5,70.57,Stable
S079,Geometry,71.36,63.19,2,82.8,1.1292,35.68,67.06,80.52,73.06,74.82,Stable
S079,Statistics,76.5,72.03,1,82.8,1.0622,76.5,66.51,83.09,79.71,80.37,High Performer
S079,Calculus,66.34,100.97,4,82.8,0.6571,16.59,55.52,71.15,67.27,74.92,Stable
S080,Calculus,54.45,111.27,2,79.0,0.4893,27.22,55.52,60.71,60.34,63.63,Stable
S080,Algebra,73.99,82.7,2,79.0,0.8947,37.0,72.97,78.59,72.71,76.1,Stable
S080,Algebra,70.92,87.24,3,79.0,0.8129,23.64,72.97,75.42,69.52,74.94,Stable
S080,Geometry,65.35,110.76,3,79.0,0.59,21.78,67.06,68.17,65.65,72.68,Stable
S080,Trigonometry,64.31,92.1,4,79.0,0.6983,16.08,63.16,69.82,65.0,69.93,Stable
S080,Geometry,61.55,76.17,5,79.0,0.8081,12.31,67.06,70.64,63.68,70.2,Stable
S080,Statistics,73.58,99.62,3,79.0,0.7386,24.53,66.51,75.27,70.64,77.33,Stable
S080,Algebra,75.35,82.61,1,79.0,0.9121,75.35,72.97,79.62,77.3,84.51,High Performer
S081,Geometry,74.02,59.3,2,86.91,1.2482,37.01,67.06,83.08,76.0,83.45,High Performer
S081,Statistics,83.03,61.67,1,86.91,1.3463,83.03,66.51,87.59,85.11,90.74,High Performer
S081,Geometry,85.57,45.18,1,86.91,1.8943,85.57,67.06,88.86,86.63,86.07,High Performer
S081,Calculus,43.55,96.07,3,86.91,0.4533,14.52,55.52,56.92,56.33,66.03,Stable
S081,Algebra,93.1,44.76,1,86.91,2.0801,93.1,72.97,92.62,91.15,84.84,High Performer
S081,Calculus,71.72,83.74,2,86.91,0.8565,35.86,55.52,79.06,74.16,80.07,High Performer
S081,Algebra,80.36,67.29,2,86.91,1.1943,40.18,72.97,86.25,79.48,84.66,High Performer
S082,Calculus,49.28,100.31,5,75.43,0.4913,9.86,55.52,57.09,54.74,55.1,At Risk
S082,Trigonometry,63.72,101.2,4,75.43,0.6296,15.93,63.16,67.08,63.13,73.87,Stable
S082,Trigonometry,52.12,110.01,2,75.43,0.4738,26.06,63.16,58.17,57.72,59.71,At Risk
S082,Calculus,43.56,105.8,3,75.43,0.4117,14.52,55.52,52.64,52.03,60.56,Stable
S082,Trigonometry,62.31,91.58,3,75.43,0.6803,20.77,63.16,67.39,63.11,67.51,Stable
S082,Algebra,60.41,83.92,2,75.43,0.7198,30.2,72.97,67.23,63.26,67.85,Stable
S082,Trigonometry,66.53,112.97,4,75.43,0.5889,16.63,63.16,67.67,64.44,69.75,Stable
S082,Trigonometry,57.29,101.0,3,75.43,0.5673,19.1,63.16,62.62,59.98,71.45,Stable
S083,Statistics,78.25,67.26,1,71.86,1.1635,78.25,66.51,80.68,76.82,82.13,High Performer
S083,Geometry,73.13,73.57,1,71.86,0.994,73.13,67.06,78.0,73.72,79.96,Stable
S083,Calculus,56.77,112.41,5,71.86,0.5051,11.35,55.52,60.05,57.41,62.14,Stable
S083,Trigonometry,57.81,69.98,3,71.86,0.8261,19.27,63.16,66.99,60.01,64.45,Stable
S083,Trigonometry,50.14,92.96,3,71.86,0.5394,16.71,63.16,57.42,54.77,58.65,At Risk
S084,Geometry,75.75,62.38,1,87.13,1.2143,75.75,67.06,84.02,80.82,80.71,High Performer
S084,Algebra,80.34,72.94,3,87.13,1.1015,26.78,72.97,86.31,78.22,85.6,High Performer
S084,Algebra,84.12,81.24,2,87.13,1.0355,42.06,72.97,88.2,81.63,83.23,High Performer
S084,Trigonometry,69.62,87.07,2,87.13,0.7996,34.81,63.16,76.94,72.86,76.74,Stable
S084,Calculus,60.96,87.26,2,87.13,0.6987,30.48,55.52,70.59,67.69,74.65,Stable
S084,Geometry,68.71,74.56,1,87.13,0.9215,68.71,67.06,78.92,76.28,76.61,Stable
S085,Geometry,41.89,94.0,4,69.79,0.4457,10.47,67.06,50.8,48.9,56.13,At Risk
S085,Statistics,61.65,99.78,3,69.79,0.6179,20.55,66.51,64.12,60.48,66.2,Stable
S085,Calculus,33.69,119.22,2,69.79,0.2826,16.84,55.52,43.43,44.78,53.89,At Risk
S085,Calculus,44.57,122.62,3,69.79,0.3635,14.86,55.52,50.49,50.35,54.42,At Risk
S085,Statistics,44.87,95.2,4,69.79,0.4713,11.22,66.51,52.8,50.57,55.79,At Risk
S085,Statistics,62.75,97.97,3,69.79,0.6405,20.92,66.51,65.12,61.15,70.84,Stable
S085,Statistics,58.46,96.93,2,69.79,0.6032,29.23,66.51,62.23,59.69,68.83,Stable
S086,Statistics,52.64,109.82,4,87.97,0.4794,13.16,66.51,62.3,61.22,71.51,Stable
S086,Statistics,73.01,60.67,1,87.97,1.2034,73.01,66.51,82.9,79.48,80.83,High Performer
S086,Trigonometry,65.68,64.67,2,87.97,1.0156,32.84,63.16,79.23,71.79,78.43,Stable
S086,Statistics,66.2,103.57,4,87.97,0.6392,16.55,66.51,72.28,68.98,77.02,Stable
S086,Geometry,92.26,72.1,1,87.97,1.2796,92.26,67.06,92.52,91.02,90.71,High Performer
S087,Statistics,54.62,90.93,4,67.38,0.6007,13.65,66.51,59.54,55.34,60.54,Stable
S087,Geometry,55.3,81.73,2,67.38,0.6765,27.65,67.06,61.39,57.38,63.2,Stable
S087,Calculus,54.8,112.56,4,67.38,0.4869,13.7,55.52,57.35,54.97,64.79,Stable
S087,Geometry,72.33,115.63,5,67.38,0.6255,14.47,67.06,68.89,64.37,68.47,Stable
S087,Algebra,69.56,65.28,1,67.38,1.0655,69.56,72.97,74.99,69.99,73.62,Stable
S087,Statistics,49.32,100.07,3,67.38,0.4928,16.44,66.51,54.73,52.53,60.45,Stable
S087,Algebra,74.42,92.32,2,67.38,0.8061,37.21,72.97,73.55,68.41,71.89,Stable
S087,Geometry,56.29,103.88,5,67.38,0.5419,11.26,67.06,59.2,55.7,61.41,Stable
S088,Calculus,28.36,127.59,4,68.9,0.2223,7.09,55.52,39.3,40.58,47.41,At Risk
S088,Algebra,56.35,99.1,2,68.9,0.5686,28.18,72.97,60.22,58.07,58.98,At Risk
S088,Statistics,66.46,91.67,4,68.9,0.725,16.61,66.51,68.4,62.6,71.54,Stable
S088,Statistics,43.69,91.25,2,68.9,0.4788,21.84,66.51,52.09,50.75,57.85,At Risk
S088,Calculus,53.32,116.31,3,68.9,0.4584,17.77,55.52,56.5,55.08,55.93,At Risk
S088,Algebra,73.22,97.33,2,68.9,0.7523,36.61,72.97,72.33,68.09,75.61,Stable
S088,Algebra,79.16,81.77,1,68.9,0.968,79.16,72.97,79.61,76.17,74.74,Stable
S089,Trigonometry,48.32,113.7,3,81.38,0.425,16.11,63.16,57.07,56.77,65.42,Stable
S089,Statistics,58.59,105.56,2,81.38,0.555,29.29,66.51,64.81,63.74,77.6,Stable
S089,Trigonometry,80.55,97.89,5,81.38,0.8229,16.11,63.16,81.15,74.48,75.06,Stable
S089,Statistics,61.2,78.64,3,81.38,0.7782,20.4,66.51,70.58,65.05,74.05,Stable
S089,Statistics,70.33,90.18,4,81.38,0.7798,17.58,66.51,75.17,69.34,78.75,Stable
S089,Calculus,51.24,86.82,4,81.38,0.5901,12.81,55.52,61.83,58.56,64.81,Stable
S089,Algebra,67.0,88.41,4,81.38,0.7578,16.75,72.97,73.07,67.5,72.77,Stable
S090,Calculus,41.02,119.15,2,75.08,0.3443,20.51,55.52,49.92,50.97,60.19,Stable
S090,Trigonometry,42.11,111.95,5,75.08,0.3762,8.42,63.16,51.1,50.43,53.85,At Risk
S090,Algebra,51.3,90.99,5,75.08,0.5637,10.26,72.97,59.45,55.96,61.0,Stable
S090,Geometry,43.66,100.18,4,75.08,0.4359,10.92,67.06,53.07,51.69,64.57,Stable
S090,Trigonometry,58.42,135.15,4,75.08,0.4322,14.6,63.16,60.38,59.43,64.07,Stable
S090,Calculus,38.06,120.54,3,75.08,0.3157,12.69,55.52,47.87,48.59,53.79,At Risk
S091,Calculus,42.83,124.83,4,73.85,0.3431,10.71,55.52,50.43,50.44,51.96,At Risk
S091,Algebra,63.7,105.88,3,73.85,0.6016,21.23,72.97,66.04,62.97,69.74,Stable
S091,Geometry,79.02,86.85,4,73.85,0.9098,19.75,67.06,79.86,71.71,70.5,Stable
S091,Algebra,58.24,73.25,3,73.85,0.7951,19.41,72.97,67.18,60.83,64.19,Stable
S091,Statistics,61.22,124.76,5,73.85,0.4907,12.24,66.51,62.58,60.38,60.98,Stable
S091,Trigonometry,38.31,127.44,3,73.85,0.3006,12.77,63.16,47.32,48.22,60.11,Stable
S092,Geometry,79.01,57.57,2,73.01,1.3723,39.5,67.06,81.41,73.74,76.77,Stable
S092,Calculus,67.58,115.49,4,73.01,0.5852,16.89,55.52,67.4,64.1,68.02,Stable
S092,Statistics,79.92,85.58,2,73.01,0.9339,39.96,66.51,80.54,73.98,82.64,High Performer
S092,Calculus,62.43,87.52,4,73.01,0.7133,15.61,55.52,67.38,61.91,69.15,Stable
S092,Geometry,68.96,89.31,4,73.01,0.7721,17.24,67.06,71.82,65.58,69.07,Stable
S093,Geometry,49.94,111.68,5,65.32,0.4472,9.99,67.06,53.51,51.27,55.86,At Risk
S093,Statistics,55.14,108.23,2,65.32,0.5095,27.57,66.51,57.36,55.88,58.35,At Risk
S093,Trigonometry,47.34,115.67,3,65.32,0.4093,15.78,63.16,51.45,50.4,57.54,At Risk
S093,Trigonometry,45.19,85.3,3,65.32,0.5297,15.06,63.16,52.79,49.74,60.91,Stable
S093,Trigonometry,57.74,129.66,5,65.32,0.4453,11.55,63.16,57.37,55.32,60.33,Stable
S093,Geometry,63.55,87.62,2,65.32,0.7252,31.77,67.06,65.87,61.37,68.66,Stable
S093,Calculus,52.01,117.62,4,65.32,0.4422,13.0,55.52,54.45,52.59,57.33,At Risk
S094,Calculus,77.61,72.47,1,83.22,1.071,77.61,55.52,83.77,80.52,77.95,Stable
S094,Calculus,75.35,72.9,3,83.22,1.0336,25.12,55.52,82.64,74.15,87.6,High Performer
S094,Algebra,82.82,75.78,2,83.22,1.0929,41.41,72.97,86.38,79.51,82.33,High Performer
S094,Calculus,66.44,84.6,3,83.22,0.7853,22.15,55.52,73.89,68.54,76.57,Stable
S094,Algebra,87.11,64.18,1,83.22,1.3573,87.11,72.97,88.52,86.22,85.65,High Performer
S095,Algebra,79.78,98.24,4,80.82,0.8121,19.95,72.97,80.38,74.23,83.87,High Performer
S095,Trigonometry,56.41,79.08,2,80.82,0.7133,28.2,63.16,66.72,62.97,75.51,Stable
S095,Calculus,37.63,136.79,4,80.82,0.2751,9.41,55.52,48.56,49.95,54.87,At Risk
S095,Trigonometry,62.92,81.58,4,80.82,0.7712,15.73,63.16,71.13,65.21,68.93,Stable
S095,Calculus,41.13,113.42,3,80.82,0.3626,13.71,55.52,52.06,52.48,62.7,Stable
S095,Statistics,62.2,108.56,3,80.82,0.5729,20.73,66.51,66.8,64.56,68.73,Stable
S095,Algebra,61.91,79.6,1,80.82,0.7778,61.91,72.97,70.76,69.35,70.48,Stable
S096,Geometry,56.37,102.32,2,72.58,0.5509,28.19,67.06,60.98,59.34,63.0,Stable
S096,Algebra,60.18,101.89,3,72.58,0.5907,20.06,72.97,63.68,60.59,63.12,Stable
S096,Trigonometry,50.08,92.42,4,72.58,0.5418,12.52,63.16,57.65,54.59,63.54,Stable
S096,Algebra,76.09,71.46,3,72.58,1.0647,25.36,72.97,79.82,70.71,73.22,Stable
S096,Statistics,54.8,95.98,3,72.58,0.571,18.27,66.51,60.6,57.64,68.23,Stable
S096,Statistics,77.15,95.27,4,72.58,0.8099,19.29,66.51,76.55,69.87,72.32,Stable
S097,Calculus,63.58,100.27,3,90.73,0.6341,21.19,55.52,71.69,69.11,79.38,Stable
S097,Statistics,74.47,72.09,1,90.73,1.033,74.47,66.51,84.45,81.34,85.56,High Performer
S097,Algebra,91.04,62.67,1,90.73,1.4527,91.04,72.97,92.74,91.29,89.71,High Performer
S097,Calculus,46.87,113.03,3,90.73,0.4147,15.62,55.52,58.95,59.32,67.91,Stable
S097,Algebra,88.71,50.68,2,90.73,1.7503,44.36,72.97,91.58,85.46,89.12,High Performer
S097,Statistics,85.8,76.48,1,90.73,1.1218,85.8,66.51,90.12,88.14,85.21,High Performer
S097,Algebra,84.6,44.31,1,90.73,1.9092,84.6,72.97,89.52,87.42,91.31,High Performer
S097,Geometry,67.95,82.61,2,90.73,0.8226,33.97,67.06,77.64,73.32,79.81,Stable
S098,Algebra,68.41,78.24,1,82.21,0.8744,68.41,72.97,76.36,74.14,78.23,Stable
S098,Trigonometry,67.7,96.34,4,82.21,0.7027,16.92,63.16,72.57,67.95,74.16,Stable
S098,Calculus,46.8,105.1,2,82.21,0.4453,23.4,55.52,56.97,57.12,71.68,Stable
S098,Trigonometry,69.18,80.25,2,82.21,0.8621,34.59,63.16,76.49,71.09,77.94,Stable
S098,Algebra,86.29,62.95,3,82.21,1.3709,28.76,72.97,87.81,79.62,85.48,High Performer
S098,Algebra,76.78,77.04,1,82.21,0.9967,76.78,72.97,82.99,79.65,85.39,High Performer
S098,Trigonometry,68.08,89.84,3,82.21,0.7577,22.69,63.16,73.86,68.94,74.63,Stable
S099,Trigonometry,58.67,124.09,3,79.76,0.4728,19.56,63.16,62.72,61.9,69.58,Stable
S099,Trigonometry,64.92,88.68,5,79.76,0.7321,12.98,63.16,71.03,65.4,71.48,Stable
S099,Geometry,79.36,90.05,2,79.76,0.8813,39.68,67.06,81.24,75.89,79.9,Stable
S099,Statistics,57.83,94.45,4,79.76,0.6123,14.46,66.51,65.09,61.52,68.37,Stable
S099,Algebra,62.37,84.02,4,79.76,0.7424,15.59,72.97,69.96,64.43,71.28,Stable
S100,Calculus,44.85,122.2,2,67.45,0.367,22.42,55.52,50.0,50.42,54.27,At Risk
S100,Algebra,58.68,87.72,3,67.45,0.669,19.56,72.97,62.96,58.26,62.61,Stable
S100,Statistics,62.74,66.03,3,67.45,0.9501,20.91,66.51,70.6,61.54,73.7,Stable
S100,Algebra,73.1,80.06,2,67.45,0.913,36.55,72.97,75.04,68.14,71.06,Stable
S100,Geometry,64.99,84.99,5,67.45,0.7647,13.0,67.06,68.02,61.13,69.1,Stable
S100,Calculus,39.7,127.64,2,67.45,0.3111,19.85,55.52,46.31,47.36,55.24,At Risk
